teks,sumber,sentimen
"com — Fatechul Mujib (36), pengusaha tahu di Kabupaten Semarang ini mengaku sudah tidak mengambil untung dari hasil penjualan tahu imbas naiknya harga kedelai impor",Media (Kompas),neutral
"Pemilik Pabrik Tahu Sutra Kuring di Kecamatan Tengaran itu mengaku, saat ini usahanya bertahan berkat penjualan ampas tahu yang merupakan hasil sampingan proses produksi",Media (Kompas),neutral
"""Bahkan kalau dihitung sekarang, kami tidak mengambil untung dari penjualan tahu",Media (Kompas),negative
"Justru yang masih membantu usaha tetap berjalan itu dari penjualan ampas tahu,"" kata Mujib, Jumat (6/6/2026)",Media (Kompas),neutral
"Menurut dia, biaya produksi terus meningkat dalam beberapa bulan terakhir seiring naiknya harga kedelai impor yang menjadi bahan baku utama pembuatan tahu",Media (Kompas),neutral
"Mujib merasakan, harga kedelai mulai berangsur naik terdampak penguatan dolar AS",Media (Kompas),neutral
"Sebelumnya, harga kedelai di angka Rp 9",Media (Kompas),neutral
000 per kilogram kini menjadi Rp 11,Media (Kompas),neutral
Baca juga: Rupiah Anjlok ke Rp 18,Media (Kompas),neutral
"000 Per Dolar AS, Pimpinan DPR Desak Purbaya dan BI Segera Konsolidasi ""Kalau untuk kenaikan kedelai premium untuk tahu sutra seblum dolar naik masih sekitar Rp 9",Media (Kompas),neutral
000 sekarang sudah Rp 11,Media (Kompas),neutral
"000, sedangkan plastik sudah (naik) hampir 100 persen,"" ujarnya",Media (Kompas),neutral
"Meski biaya produksi membengkak, pabrik tahu milik Mujib tetap mempertahankan harga jual Rp 10",Media (Kompas),neutral
000 per kotak berisi 10 potong tahu,Media (Kompas),neutral
Keputusan tersebut diambil untuk menjaga pelanggan yang mayoritas berasal dari pasar tradisional,Media (Kompas),neutral
"Menurut Mujib, kondisi pasar saat ini sedang lesu sehingga produsen tidak memiliki ruang yang cukup untuk menaikkan harga jual",Media (Kompas),neutral
"""Kalau harga dinaikkan, kami khawatir pelanggan berkurang",Media (Kompas),negative
"Apalagi banyak produsen tahu lain yang juga memilih menahan harga karena takut kehilangan pembeli,"" ujarnya",Media (Kompas),negative
Baca juga: Kedelai Melonjak hingga Rp 10,Media (Kompas),neutral
"700 Per Kg, Penjual Tahu Resah: Naikkan Harga atau Kecilkan Ukuran Akibatnya, selisih antara biaya produksi dan harga jual semakin tipis",Media (Kompas),negative
"Dalam beberapa periode produksi, pendapatan yang diperoleh dari penjualan tahu hanya cukup untuk menutup biaya operasional",Media (Kompas),neutral
"Dalam kondisi tersebut, ampas tahu justru menjadi penopang tambahan pendapatan",Media (Kompas),neutral
Produk sampingan yang umum dimanfaatkan sebagai pakan ternak itu masih memiliki nilai ekonomi dan membantu mengurangi tekanan keuangan perusahaan,Media (Kompas),positive
"com - Nilai tukar Rupiah hari ini, Rabu (10/6/2026) pukul 09",Media (Kompas),neutral
37 WIB menguat di angka Rp 17,Media (Kompas),neutral
"Sementara Indeks Harga Saham Gabungan (IHSG) hari ini menguat 1,79  persen ke 5",Media (Kompas),neutral
Tren penguatan dollar AS terhadap rupiah membuat nilai tukar mata uang Indonesia tak stabil,Media (Kompas),neutral
"Berikut nilai tukar rupiah ke dollar AS hari ini di bank Mandiri, BCA, dan BNI, Rabu (10/6/2026) pukul 09",Media (Kompas),neutral
Baca juga: Efek BI Rate: Rupiah Pagi Menguat ke Level 17,Media (Kompas),neutral
"908, IHSG Naik ke Kisaran 5",Media (Kompas),neutral
"800 BCA e-Rate TT Counter Bank notes Catatan: Baca juga: Di Balik Pelemahan Rupiah: Ketika Faktor Global Bertemu Masalah Domestik Bank Mandiri Special rate TT Counter Bank notes Catatan:  Baca juga: Mengapa Pelemahan Rupiah Saat Ini Berbeda dari Krisis 1998? Bank BNI SAMARINDA, KOMPAS",Media (Kompas),neutral
com - Nilai tukar rupiah kembali tertekan terhadap dolar Amerika Serikat hingga menembus Rp 17,Media (Kompas),neutral
688 pada perdagangan Kamis (21/5/2026),Media (Kompas),neutral
Kondisi tersebut mulai memberi tekanan serius terhadap industri pertambangan batu bara di Kalimantan Timur (Kaltim),Media (Kompas),neutral
"Kenaikan kurs dolar disebut berdampak langsung terhadap biaya operasional perusahaan tambang, terutama pada kebutuhan bahan bakar minyak (BBM) jenis solar yang menjadi komponen utama aktivitas produksi di lapangan",Media (Kompas),neutral
"Wakil Ketua Umum Kamar Dagang dan Industri Indonesia (KADIN) Kaltim, Adnan Faridhan mengatakan, pelemahan rupiah menjadi pukulan berat bagi sektor ekstraktif di Bumi Etam",Media (Kompas),neutral
"Baca juga: Rupiah Anjlok, Perajin UMKM Tas Aceh Keluhkan Kenaikan Bahan Baku: Berat Kami",Media (Kompas),neutral
"Menurutnya, ketergantungan Indonesia terhadap impor minyak membuat kenaikan dolar otomatis memicu lonjakan harga BBM",Media (Kompas),neutral
“Minyak kita masih impor dan transaksinya menggunakan dolar,Media (Kompas),neutral
"Begitu dolar naik, harga BBM otomatis ikut meroket",Media (Kompas),neutral
"Bayangkan, biaya bahan bakar itu porsinya bisa mencapai 40 hingga 45 persen dari total biaya produksi,” ujar Adnan Faridhan, Kamis (21/5/2026) Meski harga batu bara dunia saat ini masih berada di level yang cukup baik, kondisi tersebut belum mampu sepenuhnya menutupi lonjakan biaya operasional yang terus membengkak",Media (Kompas),neutral
Perusahaan tambang pun disebut mulai menerapkan berbagai strategi efisiensi agar tetap bisa bertahan di tengah tekanan biaya produksi yang semakin tinggi,Media (Kompas),neutral
"Di lapangan, sejumlah langkah penghematan mulai dilakukan",Media (Kompas),neutral
"Mulai dari audit operasional yang lebih ketat, penghitungan jarak pengupasan overburden (OB) secara lebih presisi, hingga penyesuaian stripping ratio agar kegiatan tambang tetap ekonomis",Media (Kompas),neutral
"Kondisi paling berat, kata Adnan Faridhan, dialami kontraktor tambang yang masih terikat kontrak lama saat harga solar dan kurs dolar belum setinggi saat ini",Media (Kompas),neutral
"Baca juga: Industri Tekstil Tertekan Pelemahan Rupiah, Asosiasi Usulkan Kebijakan Ini “Efisiensi dan strategi dalam operasional tambang juga kini ikut dalam tanda kutip dipangkas,” katanya",Media (Kompas),neutral
"Namun demikian, Adnan Faridhan menilai persoalan kurs dolar bukan satu-satunya ancaman bagi industri tambang di Kaltim",Media (Kompas),neutral
Ia justru menyoroti persoalan revisi Rencana Kerja dan Anggaran Biaya (RKAB) yang dinilai masih menjadi hambatan utama di tingkat pusat,Media (Kompas),neutral
"Menurutnya, banyak perusahaan tambang saat ini menghadapi pembatasan volume produksi akibat kebijakan RKAB yang tidak sesuai dengan pengajuan awal perusahaan",Media (Kompas),neutral
“Masalah utama sebenarnya di RKAB,Media (Kompas),neutral
"Percuma harga bagus kalau kuota produksinya dibatasi, otomatis penjualan kita juga terbatas",Media (Kompas),negative
"Ini yang membuat laju ekonomi industri kita tersendat,” tegasnya",Media (Kompas),negative
"Ia mengingatkan, perlambatan industri batu bara akan berdampak langsung terhadap ekonomi daerah di Kaltim yang selama ini masih sangat bergantung pada sektor pertambangan",Media (Kompas),neutral
Adnan Faridhan mencontohkan Kabupaten Kutai Timur yang mulai merasakan perlambatan pertumbuhan ekonomi akibat dinamika sektor tambang,Media (Kompas),neutral
"Padahal, sektor batu bara selama ini menjadi salah satu penyumbang terbesar pendapatan negara melalui pajak maupun Penerimaan Negara Bukan Pajak (PNBP), mulai dari PPN, PPh hingga royalti tambang",Media (Kompas),neutral
"Karena itu, KADIN Kaltim meminta pemerintah mulai serius mendorong hilirisasi dan menyiapkan industri alternatif agar perekonomian daerah tidak terus bergantung pada fluktuasi harga komoditas mentah",Media (Kompas),neutral
“Pemerintah harus serius menyiapkan industri alternatif dari sekarang,Media (Kompas),neutral
"Jika kita terus bergantung pada fluktuasi dolar dan harga komoditas tanpa ada nilai tambah (hilirisasi), ekonomi kita akan selalu rentan,” katanya",Media (Kompas),negative
"com — Superbrands, lembaga arbiter internasional untuk brand terkemuka bersama lembaga survei Nielsen kembali memberikan apresiasi kepada merek-merek terbaik Indonesia",Media (Kompas),neutral
"Untuk kategori Trusted Online Media (media online tepercaya), Kompas",Media (Kompas),neutral
com tampil sebagai pemenang di antara ribuan media online yang tumbuh dan berkembang di era digital di Indonesia,Media (Kompas),neutral
"Pada 2018, Dewan Pers mencatat, setidaknya ada 43",Media (Kompas),neutral
000 media online di Indonesia,Media (Kompas),neutral
"Dari puluhan ribu media online itu, tidak lebih dari 200 media online yang dikategorikan terverifikasi",Media (Kompas),neutral
Pengumuman pemenang dan pemberian penghargaan kepada Kompas,Media (Kompas),neutral
"com sebagai media online tepercaya dilakukan pada Gala Awards Superbrands 2019 di Ballroom 1, Sheraton Gandaria, Jakarta, Jumat, 26 Juli 2019",Media (Kompas),neutral
Superbrands adalah lembaga yang sudah berdiri selama lebih dari 26 tahun di lebih dari 86 negara,Media (Kompas),neutral
Atas pengakuan dan penghargaan Superbrands 2019 untuk Kompas,Media (Kompas),neutral
"com sebagai media online tepercaya ini, Pemimpin Redaksi Kompas",Media (Kompas),neutral
com Wisnu Nugroho mengucapkan terima kasih khususnya kepada para pembaca,Media (Kompas),neutral
“Pengakuan dan penghargaan ini adalah peneguh atas upaya jurnalistik Kompas,Media (Kompas),neutral
"com selama 23 tahun lebih untuk menjadi media rujukan tepercaya bagi para pembaca,” ujar Wisnu di Jakarta, Kamis (1/8/2019)",Media (Kompas),neutral
"com yang didirikan pada 14 September 1995, penghargaan sebagai media online tepercaya merupakan penghargaan berturut-turut kedua setelah pada 2018 mendapat penghargaan yang sama",Media (Kompas),neutral
"com Sabet Penghargaan Berita Online Terpercaya dari Superbrands “Terima kasih pertama-tama untuk para pembaca,” ujar Wisnu Nugroho",Media (Kompas),neutral
"Dalam satu tahun terakhir, sebagai media online tepercaya, Kompas",Media (Kompas),neutral
com berperan dalam jaringan internasional penguji fakta (International Fact Checking Network/IFCN) untuk melawan hoaks dan mengungkapkan kebenaran dengan kerja-kerja jurnalistik,Media (Kompas),neutral
- -Puluhan media dan lembaga di seluruh dunia ada dalam upaya bersama memerangi hoaks dan terhubung dalam IFCN sejak 2017,Media (Kompas),neutral
"com Tersertifikasi dalam Jaringan Internasional Penguji Informasi Terkait pemberian penghargaan ini, CEO Superbrands Indonesia Grandtyana Mayasari mengatakan, penghargaan yang diraih para pemilik brand merupakan bukti pencapaian",Media (Kompas),neutral
"“Brand yang mendapat Superbrands Awards 2019 telah menjadi TOP of Mind yang mendapat tempat sangat spesial di mata para konsumen, melalui inovasi-inovasi yang dilakukan selama ini,” ujar Grandtyana",Media (Kompas),positive
Acara Gala Awards Superbrands Indonesia 2019 dihadiri sekitar 40 brand terkemuka di Indonesia yang mendapatkan status dan penghargaan berdasarkan penilaian yang dilakukan oleh Nielsen dengan 38 kategori penghargaan,Media (Kompas),neutral
com - Melonjaknya nilai tukar dolar Amerika Serikat (USD) yang resmi menembus level Rp 18,Media (Kompas),neutral
000 memicu reaksi dari para pelaku industri pariwisata di Pulau Dewata,Media (Kompas),neutral
"Ketua Perhimpunan Hotel dan Restoran Indonesia (PHRI) Bali, Tjokorda Oka Artha Ardhana Sukawati atau yang akrab disapa Cok Ace, menyatakan bahwa fenomena ekonomi ini bak dua sisi mata uang bagi sektor pariwisata Bali",Media (Kompas),neutral
"Di satu sisi, pelemahan nilai tukar rupiah ini menguntungkan daya beli wisatawan mancanegara (wisman)",Media (Kompas),neutral
"Namun di sisi lain, kondisi ini justru memperberat biaya operasional industri perhotelan dan restoran lokal",Media (Kompas),neutral
"Menurut Cok Ace, pergerakan nilai mata uang asing saat ini tidak boleh hanya dilihat dari kacamata ekonomi semata, melainkan harus mencermati situasi geopolitik global secara menyeluruh",Media (Kompas),neutral
"""Walaupun dolar naik, belum tentu juga wisatawannya nyaman juga untuk bepergian dalam situasi seperti sekarang",Media (Kompas),positive
"Kita lihat beberapa negara juga mengalami persoalan-persoalan,"" ujar Cok Ace saat ditemui di Denpasar, Jumat (5/6/2026)",Media (Kompas),neutral
"Baca juga: Mujib Pengusaha Tahu Terdampak Dolar AS: Rela Tak Untung, Usaha Bertahan Berkat Ampas Dari segi ekonomi makro pariwisata, melemahnya nilai tukar rupiah diakui memberikan keuntungan tersendiri bagi wisman",Media (Kompas),neutral
"Sebab, daya beli mereka di Bali menjadi jauh lebih tinggi saat mengonversi mata uang mereka",Media (Kompas),negative
"Kendati demikian, Cok Ace mengingatkan bahwa keuntungan tersebut tetap dibayangi oleh potensi kenaikan biaya tiket pesawat dan akomodasi perjalanan akibat inflasi global",Media (Kompas),neutral
"""Namun demikian secara ekonomi sesungguhnya ini membantu wisatawan untuk katakanlah untuk membelanjakan uangnya di Bali ini lebih banyak",Media (Kompas),neutral
"Tapi di satu sisi juga kita harus perhitungkan dengan naiknya agak atur, ini juga akan berpengaruh kepada biaya perjalanannya dia,"" tambahnya",Media (Kompas),neutral
"Meski situasi ekonomi global penuh tantangan, PHRI Bali mencatat arus kunjungan wisatawan mancanegara ke Bali masih menunjukkan tren positif jika dibandingkan dengan tahun lalu (year-on-year)",Media (Kompas),neutral
Baca juga: Rupiah Anjlok ke Rp 18,Media (Kompas),neutral
"000 Per Dolar AS, Pimpinan DPR Desak Purbaya dan BI Segera Konsolidasi Sebaliknya, tren penurunan justru terjadi pada sektor wisatawan domestik (wisdom)",Media (Kompas),neutral
Hal ini disebabkan oleh masyarakat lokal yang cenderung menahan pengeluaran akibat situasi ekonomi dalam negeri,Media (Kompas),neutral
"""Untuk wisman yang domestik memang kita tahu kita mengalami penurunan, karena kondisi kita juga semua menahan diri sekarang",Media (Kompas),negative
Tapi Wisman dalam situasi seperti sekarang masih menunjukkan angka peningkatan,Media (Kompas),neutral
Mudah-mudahan ini yang dikasih baik untuk kita di Bali,Media (Kompas),positive
"Wisatawan berasa nyaman dan harganya lebih terjangkau lagi untuk wisatawan ke Bali,"" jelas mantan Wakil Gubernur Bali tersebut",Media (Kompas),positive
"Jika wisatawan asing diuntungkan, kondisi sebaliknya justru dirasakan langsung oleh para pelaku usaha hotel dan restoran di Bali",Media (Kompas),neutral
Cok Ace blak-blakan menyebut melonjaknya nilai tukar dolar AS sangat tidak menguntungkan bagi kelangsungan industri pariwisata,Media (Kompas),negative
Faktor utamanya adalah ketergantungan sektor kuliner dan akomodasi pada bahan baku impor yang masih sangat tinggi,Media (Kompas),neutral
"""Tapi kami di industri terus terang dengan kenaikan ini sangat tidak menguntungkan",Media (Kompas),negative
"Karena sebagaimana kita ketahui, banyak masih ada produk-produk impor yang kita gunakan termasuk juga di restoran kita",Media (Kompas),neutral
"Steak masih banyak kedatangan di luar negeri, berapa hal kita juga datang di luar negeri, tentu pembayaran kita pakai US dolar",Media (Kompas),neutral
"Sedangkan yang kita terima di sini adalah rupiah,"" ungkapnya",Media (Kompas),neutral
Baca juga: Rupiah Tembus Rp 17,Media (Kompas),neutral
"688 per Dolar AS, Sektor Tambang Batu Bara Kaltim Mulai Tertekan Lonjakan Biaya Solar Kondisi ketidakseimbangan mata uang ini dipastikan akan memicu lonjakan biaya operasional (operational expenditure) pada sektor perhotelan dan restoran dalam waktu dekat",Media (Kompas),neutral
"Saat dikonfirmasi mengenai potensi kenaikan biaya operasional tersebut, Cok Ace membenarkannya secara tegas",Media (Kompas),neutral
"Pasti malah menaikkan,"" tegasnya",Media (Kompas),negative
"Menghadapi tantangan berat ini, PHRI Bali meminta para pelaku industri pariwisata untuk memutar otak",Media (Kompas),neutral
"Pengusaha hotel dan restoran diharapkan bisa melakukan efisiensi ketat serta penyesuaian harga yang bijak, tanpa harus mengorbankan kualitas pelayanan kepada wisatawan",Media (Kompas),neutral
"""Nah, ini saya lihat juga boleh ditantang kita ke depan bagaimana caranya",Media (Kompas),neutral
"Di satu sisi kita bisa menyesuaikan, tapi di sisi lain kualitas harus kita tetap jaga,"" pungkas Cok Ace",Media (Kompas),neutral
Artikel ini telah tayang di Tribun-Bali,Media (Kompas),neutral
com dengan judul Dolar AS Rp18,Media (Kompas),neutral
"000, PHRI Bali: Menguntungkan Wisatawan, tapi Bebani Operasional Hotel dan Resto JAKARTA, KOMPAS",Media (Kompas),neutral
com- Bank Indonesia (BI) melaporkan defisit transaksi berjalan atau current account deficit Indonesia melebar pada kuartal I 2026,Media (Kompas),neutral
"Defisit transaksi berjalan tercatat 4 miliar dolar Amerika Serikat (AS) atau 1,1 persen dari produk domestik bruto (PDB)",Media (Kompas),neutral
"Angka tersebut lebih tinggi dibandingkan kuartal IV 2025 yang sebesar 2,5 miliar dolar AS atau 0,7 persen dari PDB",Media (Kompas),neutral
"Direktur Eksekutif Departemen Komunikasi BI, Ramdan Denny Prakoso, mengatakan defisit transaksi berjalan tetap rendah di tengah perlambatan ekonomi global",Media (Kompas),neutral
"""Transaksi berjalan mencatat defisit yang rendah,"" ujarnya dalam keterangan tertulis, Jumat (22/5/2026)",Media (Kompas),neutral
"Baca juga: Prabowo Janji Defisit APBN 2027 Maksimal 2,4 Persen  BI menjelaskan defisit transaksi berjalan pada kuartal I 2026 disebabkan surplus neraca barang yang lebih rendah",Media (Kompas),neutral
Kondisi tersebut terjadi saat defisit neraca pendapatan jasa menyempit dan surplus neraca pendapatan sekunder tetap stabil,Media (Kompas),neutral
Neraca perdagangan barang pada kuartal I 2026 mencatat surplus 8 miliar dolar AS,Media (Kompas),neutral
"Surplus tersebut lebih rendah dibandingkan kuartal sebelumnya yang sebesar 10,2 miliar dolar AS",Media (Kompas),neutral
Penurunan ini dipengaruhi berkurangnya surplus neraca perdagangan nonmigas dan mengecilnya defisit neraca perdagangan migas,Media (Kompas),neutral
"Baca juga: Purbaya Laporkan Defisit APBN April 2026 Capai 0,64 Persen dari PDB  Ramdan mengatakan neraca perdagangan nonmigas mencatat surplus 13,3 miliar dolar AS",Media (Kompas),neutral
Angka tersebut lebih rendah dibandingkan surplus kuartal sebelumnya yang sebesar 16 miliar dolar AS,Media (Kompas),neutral
"""(Berkurangnya surplus perdagangan non-migas) sejalan dengan perlambatan pertumbuhan ekonomi global serta terganggunya rantai pasok perdagangan antarnegara,"" ucapnya",Media (Kompas),neutral
"com — Pernyataan Presiden RI Prabowo Subianto terkait masyarakat desa yang tidak menggunakan dollar mendapat tanggapan dari petani milenial asal Desa Letbaun, Kecamatan Semau, Kabupaten Kupang, Nusa Tenggara Timur (NTT), Santo Buifena",Media (Kompas),neutral
"Menurut Santo, pernyataan Presiden memang ada benarnya karena masyarakat desa masih menggunakan rupiah dalam aktivitas ekonomi sehari-hari",Media (Kompas),neutral
“Saya pikir omongan Bapak Presiden ada benarnya juga,Media (Kompas),neutral
"Masyarakat di desa, termasuk di NTT, memang tidak pegang dollar atau transaksi pakai dollar setiap hari",Media (Kompas),neutral
"Kami kerja tani, berkebun, beternak, dan jual hasil pakai rupiah,” ujar Santo kepada Kompas",Media (Kompas),neutral
"com, Senin (18/5/2026)",Media (Kompas),neutral
"Namun, Santo menilai kenaikan nilai tukar dollar AS hingga menyentuh Rp 17",Media (Kompas),neutral
"600 tetap memberikan dampak terhadap masyarakat desa, khususnya petani dan nelayan",Media (Kompas),neutral
Baca juga: Pakar Unair Jelaskan Penyebab Rupiah Melemah hingga Rp 17,Media (Kompas),neutral
"600 Menurut Santo, dampak pelemahan rupiah memang tidak dirasakan secara langsung, tetapi terasa melalui kenaikan harga berbagai kebutuhan dan biaya produksi",Media (Kompas),neutral
"“Kalau dollar naik, dampaknya tetap ada",Media (Kompas),neutral
"Harga pupuk, racun rumput, onderdil mesin, BBM, dan barang-barang dari luar biasanya ikut naik",Media (Kompas),negative
"Kalau biaya produksi naik, petani dan masyarakat desa juga pasti rasa,” katanya",Media (Kompas),positive
Ia menjelaskan masyarakat di Pulau Semau sangat bergantung pada sektor pertanian dan perikanan,Media (Kompas),neutral
Banyak petani bawang dan nelayan membutuhkan solar untuk menunjang aktivitas usaha mereka,Media (Kompas),neutral
"Namun, ketersediaan solar di wilayah tersebut disebut masih terbatas",Media (Kompas),neutral
"“Misalnya di Pulau Semau, banyak petani nelayan dan petani bawang membutuhkan solar untuk mendukung kebutuhan pertanian, tapi sulit sekali mendapatkan solar,” ujarnya",Media (Kompas),negative
"Baca juga: Peternak Ayam Petelur di Jember Menjerit Imbas Rupiah Melemah, Harga Pakan Melonjak Menurut Santo, stok solar di SPBU juga kerap terbatas karena sistem kuota",Media (Kompas),neutral
"Padahal, bahan bakar tersebut menjadi kebutuhan utama bagi petani maupun nelayan",Media (Kompas),neutral
"“Kalau petani bawang, solar dipakai untuk mesin traktor dan mesin pompa air",Media (Kompas),neutral
"Kalau nelayan, dipakai untuk perahu yang menggunakan mesin diesel,” jelasnya",Media (Kompas),neutral
"Sebagai warga desa di Semau, Santo berharap pemerintah dapat menjaga stabilitas harga kebutuhan pokok agar masyarakat kecil tidak semakin terbebani",Media (Kompas),neutral
“Kami berharap pemerintah bisa menjaga harga kebutuhan pokok tetap stabil,Media (Kompas),neutral
"Walaupun kami tinggal di desa, dampak kenaikan dollar tetap terasa",Media (Kompas),neutral
"Harga BBM, pupuk, dan barang-barang dari luar daerah bisa ikut naik,” katanya",Media (Kompas),neutral
Ia juga meminta pemerintah memahami kondisi riil masyarakat desa yang tetap terdampak fluktuasi nilai tukar dollar,Media (Kompas),neutral
"“Petani dan nelayan sangat bergantung pada solar, bensin, pupuk, dan peralatan yang harganya ikut dipengaruhi oleh nilai tukar dollar,” tutup Santo",Media (Kompas),neutral
PERNYATAAN Presiden Prabowo bahwa orang desa tidak belanja memakai dolar menyentuh satu ironi besar dalam ekonomi Indonesia,Media (Kompas),neutral
"Secara kasat mata, kalimat itu benar",Media (Kompas),neutral
"Di pasar nagari, di kios pupuk, di warung kecil, masyarakat membayar dengan rupiah",Media (Kompas),neutral
Tidak ada petani membeli beras dengan dolar,Media (Kompas),negative
Tidak ada pedagang sayur menghitung modalnya dengan kurs Bloomberg,Media (Kompas),neutral
Tetapi ekonomi tidak berhenti di meja transaksi,Media (Kompas),positive
Harga yang tampak lokal sering dibentuk oleh biaya global,Media (Kompas),neutral
Di titik inilah hilirisasi perlu dibaca lebih rasional,Media (Kompas),neutral
"Hilirisasi penting, bahkan strategis, tetapi ia tidak boleh diperlakukan sebagai mantra yang otomatis menyembuhkan semua kerentanan ekonomi",Media (Kompas),negative
"Baca juga: Membaca Kehebatan Persib yang Berpeluang Hattrick Juara Melemahnya rupiah memperlihatkan bahwa persoalan Indonesia bukan hanya menjual barang mentah, melainkan terlalu bergantung pada impor energi, bahan baku, mesin, teknologi, pupuk, pakan, obat, dan logistik",Media (Kompas),neutral
Desa memang tidak memakai dolar sebagai alat bayar,Media (Kompas),negative
"Namun selama struktur produksi nasional masih berutang pada dolar, pasar desa tetap ikut menanggung getarnya",Media (Kompas),neutral
Kesalahan terbesar dalam membaca kurs adalah menganggap dolar hanya berdampak kepada mereka yang bertransaksi langsung dengan mata uang asing,Media (Kompas),negative
"Padahal, dolar bekerja secara tidak terlihat",Media (Kompas),negative
"Ia masuk melalui harga BBM, LPG, pupuk, pestisida, pakan ternak, mesin pertanian, suku cadang kendaraan, bahan baku industri, impor pangan, hingga biaya distribusi",Media (Kompas),neutral
"Rakyat desa tidak membeli dolar, tetapi membeli barang yang ongkos produksinya terhubung dengan dolar",Media (Kompas),neutral
"Ketika rupiah melemah, importir menghadapi biaya lebih mahal",Media (Kompas),negative
Produsen berbahan baku impor menanggung tekanan,Media (Kompas),neutral
Distributor menghitung ulang ongkos logistik,Media (Kompas),neutral
Pemerintah menanggung subsidi energi yang lebih berat,Media (Kompas),neutral
"Sebagian tekanan mungkin tidak langsung muncul dalam inflasi karena ditahan subsidi, harga yang diatur, stok barang, atau lemahnya daya beli",Media (Kompas),neutral
Tetapi tekanan itu tidak hilang,Media (Kompas),positive
"Ia hanya berpindah tempat: dari konsumen ke APBN, dari produsen ke margin usaha, atau dari pasar hari ini ke harga mendatang",Media (Kompas),neutral
"Karena itu, mengatakan orang desa tidak belanja pakai dolar benar secara literal, tetapi tidak cukup secara ekonomi",Media (Kompas),negative
NILAI tukar rupiah di pertengahan Mei 2026 kembali terkapar dalam ketidakpastian yang sangat mencemaskan,Media (Kompas),neutral
Angka psikologis yang bergerak di kisaran Rp 17,Media (Kompas),neutral
"600 per dolar AS menjadi representasi nyata dari rapuhnya stabilitas ekonomi domestik kita, melampaui sekadar angka kuantitatif di layar monitor pasar valuta asing",Media (Kompas),neutral
"Ketika harga barang impor melonjak tajam dan biaya logistik merangkak naik, kecemasan kolektif segera menyergap seluruh lapisan masyarakat, memicu pertanyaan mendasar yang selalu berulang mengenai penyebab rapuhnya mata uang garuda",Media (Kompas),neutral
"Guncangan moneter tersebut sering kali ditudingkan pada faktor eksternal, seperti kebijakan bank sentral Amerika Serikat yang mempertahankan suku bunga tinggi, hingga eskalasi geopolitik di Selat Hormuz yang melambungkan harga minyak dunia secara signifikan",Media (Kompas),neutral
"Namun, menyalahkan dinamika global secara terus-menerus adalah bentuk ketidakberdayaan ekonomi yang akut dan tidak produktif",Media (Kompas),negative
Masalah fundamentalnya justru terletak pada ketergantungan mutlak struktur keuangan domestik terhadap sistem fiat global yang sama sekali tidak berjangkar pada aset riil,Media (Kompas),neutral
Ulasan strategis berikut bermaksud menggugat paradigma pengelolaan devisa nasional yang dirasa terlalu kertas-sentris selama beberapa dekade terakhir,Media (Kompas),neutral
"Di tengah ketidakpastian makroekonomi, kita perlu menengok kembali potensi kekayaan riil di bawah Tanah Air sendiri",Media (Kompas),neutral
"Baca juga: Persib dan Seni Menjaga Sense of Belonging di Era Sepak Bola Modern Pertemuan antara melemahnya nilai tukar dan melimpahnya kekayaan geologis berupa emas menuntut sebuah reorientasi strategi moneter yang radikal, mandiri, sekaligus memberikan solusi konkret bagi masa depan ekonomi bangsa secara berkelanjutan",Media (Kompas),neutral
"Untuk memahami mengapa rupiah begitu mudah diombang-ambingkan oleh keperkasaan dolar, kita harus menengok sejarah panjang pada Agustus 1971",Media (Kompas),negative
"Dinukil dari catatan sejarah moneter global, peristiwa Nixon Shock menjadi titik balik krusial ketika Amerika Serikat secara sepihak mengakhiri sistem konvertibilitas dolar ke emas",Media (Kompas),neutral
"Sejak momen bersejarah tersebut, tata keuangan dunia resmi beralih penuh ke sistem uang fiat murni, sebuah tatanan di mana nilai mata uang tidak lagi dijamin komoditas fisik, melainkan murni oleh kepercayaan pasar",Media (Kompas),neutral
Penghapusan jangkar fisik tersebut membuka keran bagi inflasi global yang persisten dan sulit dikendalikan oleh negara berkembang,Media (Kompas),neutral
"Tanpa batasan cadangan emas, bank sentral global dapat mencetak likuiditas tanpa kendali nyata yang membatasi ruang gerak mereka",Media (Kompas),neutral
"Ketika Bank Sentral AS mengekspor dolar ke seluruh penjuru dunia melalui pelonggaran kuantitatif, perekonomian nasional terpaksa ikut terseret dalam ombak likuiditas tersebut",Media (Kompas),neutral
com - Pengusaha tempe rumahan di Kota Semarang mengeluhkan kenaikan harga kedelai impor akibat dampak penguatan dolar AS terhadap rupiah,Media (Kompas),neutral
"Adip Muharam, salah satu produsen tempe mengatakan, harga kedelai mengalami kenaikan signifikan sejak awal 2026",Media (Kompas),neutral
"Ia mengakui dampak pelemahan rupiah pada dollar dirasakan, karena mayoritas kedelai yang digunakan produsen tempe masih bergantung pada impor",Media (Kompas),neutral
"Alhasil, harga bahan baku terus naik dari waktu ke waktu",Media (Kompas),positive
"""Kalau bisa ya pemerintah itu ya ditekanlah dolarnya itu kan",Media (Kompas),negative
Bukan masalah kita orang desa atau orang kota ya,Media (Kompas),negative
"Kita kan juga apa namanya produsen itu kan bergantung juga sama impor,"" ujar Adip saat ditemui di rumah produksi di Pandean Lamper, Gayamsari, Selasa (19/5/2026)",Media (Kompas),neutral
"Baca juga: Petani Milenial NTT ke Prabowo: Dampak Dolar Tetap Sampai ke Desa Dia menyebut, harga kedelai yang sebelumnya sekitar Rp 8",Media (Kompas),neutral
000 per kilogram kini telah mencapai Rp 10,Media (Kompas),neutral
500 hingga mendekati Rp 11,Media (Kompas),neutral
"“Karena kedelai kita memang mayoritas impor, jadi mau tidak mau ikut harga impor",Media (Kompas),negative
"Kalau kurs dolar makin naik, otomatis harga kedelai juga naik terus,” katanya",Media (Kompas),neutral
"Tak hanya kedelai, kenaikan juga terjadi pada harga plastik kemasan",Media (Kompas),neutral
Ati menyebut harga plastik bahkan melonjak hingga sekitar 70 persen,Media (Kompas),neutral
"“Dulu satu rol plastik sekitar Rp 550 ribu, sekarang sudah sampai Rp 1,15 juta,” ungkapnya",Media (Kompas),neutral
Kenaikan biaya produksi tersebut memaksa produsen menaikkan harga jual tempe,Media (Kompas),neutral
Harga tempe yang sebelumnya Rp 4,Media (Kompas),neutral
000 kini naik menjadi Rp 5,Media (Kompas),neutral
000 per bungkus secara bertahap sejak Mei 2026,Media (Kompas),neutral
"Meski demikian, Ati mengaku produsen berada dalam posisi sulit karena kenaikan harga jual berpotensi menurunkan daya beli masyarakat",Media (Kompas),neutral
"“Yang kami khawatirkan itu ketika harga makanan naik semua, tapi ekonomi masyarakat turun",Media (Kompas),negative
"Akhirnya pembeli berkurang,” katanya",Media (Kompas),negative
"Baca juga: Desa, Dolar, dan Rasionalisasi Hilirisasi Untuk menyiasati kondisi itu, dia memilih memperkecil ukuran tempe agar tetap terjangkau konsumen",Media (Kompas),neutral
Bakar dollar terus,Publik (Instagram),negative
Semua harga barang pasti naik tetapi gaji tetap. Pengeluaran lebih besar daripada penghasilan,Publik (Instagram),negative
"Statement rekor terendahnya nanti aja kalo udah naik ah, masa tiap hari ada rekor baru",Publik (Instagram),neutral
Ngak ada jadwal demo seperti nepal?,Publik (Instagram),negative
Deputy gak guna,Publik (Instagram),negative
Gak perlu penjelasan taeekk bukti nyata kerja nya 😮😮😮😮😮,Publik (Instagram),negative
🎊🎊🎊 AYO KITA SALING FOLLOW KAKA SEMUA LANGSUNG SAYA FOLLBACK AMANAH 🙏,Publik (Instagram),neutral
"Semalam karena alasan musim haji , musim haji dah lewat . Mau alasan apa lagi ?",Publik (Instagram),negative
": ""Apabila suatu urusan diserahkan kepada bukan ahlinya, maka tunggulah kehancurannya (kiamat).""",Publik (Instagram),negative
"Dalih dan alasan apapun itu, cuma untuk mempertahankan jabatan saja walaupun sudah jelas jelas tidak mempunyai kompetensi",Publik (Instagram),negative
"Gak usah buang2 duit buat intervensi market, masalahnya ada pada ketidakpercayaan pasar pada PENGELOLA NEGARA INI, KRN AMAT BURUKNYA TATA KELOLA NEGARA MAUPUN TIDAK KOMPETENNYA DAN TIDAK KREDIBEL NYA PARA PENGELOLA NEGARA INI....",Publik (Instagram),negative
Otw 98 jilid 2,Publik (Instagram),neutral
"Jogetin aja 👏👏,, kan mau Seburuk apapun keadaan Indonesia yang penting joged😂😂😂",Publik (Instagram),negative
"Nilai tukar rupiah terhadap dolar AS nyaris tembus Rp18.200.Menanggapi pelemahan ini, Bank Indonesia menegaskan pihaknya tetap berada di pasar dan siap melakukan intervensi untuk menjaga stabilitas rupiah.Sebelumnya, pada konferensi pers Sabtu, Gubernur BI Perry Warjiyo juga sudah membeberkan 2 jurusnya untuk stabilisasi nilai tukar rupiah. Sejauh apa dampak intervensi BI dalam hal ini?Baca berita selengkapnya dengan klik link di bio atau melalui cnbcindonesia.comUpdate berita terbaru setiap saat dengan download aplikasi CNBC Indonesia sekarang di App Store atau Google Play📲",Publik (Instagram),neutral
Apaan orang tadi 18.333 pembohong anda@cnbcindonesia,Publik (Instagram),negative
EnglishDown chevron iconAfrikaansالعربيةČeštinaDanskDeutschΕλληνικάEnglishEnglish (UK)Español (España)EspañolفارسیSuomiFrançaisעבריתBahasa IndonesiaItaliano日本語한국어Bahasa MelayuNorskNederlandsPolskiPortuguês (Brasil)Português (Portugal)РусскийSvenskaภาษาไทยFilipinoTürkçe中文(简体)中文(台灣)বাংলাગુજરાતીहिन्दीHrvatskiMagyarಕನ್ನಡമലയാളംमराठीनेपालीਪੰਜਾਬੀසිංහලSlovenčinaதமிழ்తెలుగుاردوTiếng Việt中文(香港)БългарскиFrançais (Canada)RomânăСрпскиУкраїнська,Publik (Instagram),neutral
"Sekarang cadangan devisa dollar Indonesia per Juni 2026 sebesar 144,9 Milyar dollar.... China cadangan devisa dollar nya per Juni 2026 sebesar 3,3 Triliun dollar..... kalau semua mafia ekspor CPO dan batu bara bisa di tangkap...dan uang dollar hasil ekspor nya disimpan di BI.....itu cadangan devisa dollar Indonesia bisa mencapai 3 Triliun dollar..... rupiah Indonesia pasti sangat kuat.... siapa yang berani goyang goyang rupiah Indonesia... Ayok Pak Mentan tangkap itu semua mafia ekspor CPO.... ...bisa kaya raya Indonesia berkat kinerja Pak Mentan ini",Publik (Instagram),positive
MBG dan koperasi merah putih gak guna pak tolong di hapus kasihan pedagang2 di pasar,Publik (Instagram),negative
"Kata kata Pejabat Negara Republik Indonesia, Tenang aja,Masih Aman,Rakyat Jelata Jangan Panik.",Publik (Instagram),negative
YA GMNA GA MAU MELEMAH TERUSS D SURUH CETAK DUIT TERUSS SAMA SI OMON2 😂😂,Publik (Instagram),negative
Penjelasan apa pun hanya menjadi penghancur rupiah aja,Publik (Instagram),negative
"cintai produk² Indonesia, spy tdk impor 🔥",Publik (Instagram),positive
Kemaren aku#MIMPImalah menjadi#19700,Publik (Instagram),neutral
Trust trust no fundamental,Publik (Instagram),negative
sekali pidato lgs anjlok 😢,Publik (Instagram),negative
Dijaga… ya dijaga banget ampe bentar lagi mau 19k😂😂,Publik (Instagram),negative
PEMERINTAHANN AMBURADULLLPEMERINTAHANN JAHANAMMM!!!!,Publik (Instagram),negative
G kerja sih klen semua,Publik (Instagram),negative
Meta in Indonesia,Publik (Instagram),neutral
"Terus menjaga tapi rupiah terus melemah,terus apa yang dijaga?, alaaaaah emboh rah wes kah ngrasakno Negoro koyo ngene tambah suwe tambah mumet 🥺😭😂",Publik (Instagram),negative
Banyak alibi aja nih BI,Publik (Instagram),negative
"Tiap kali naik ada aja omon omon g jelas,rakyat jg g bodoh2 ama selalu buat statements Indonesia msh aman.",Publik (Instagram),negative
Contact Uploading & Non-Users,Publik (Instagram),neutral
Oke gas 20.000,Publik (Instagram),negative
Penjelasan Tanpa Arti. Tetap bikin Rekor Terendah. Astaghfirullah,Publik (Instagram),positive
Gini aja terus. Kalian mau nunggu sampe berapa sih???,Publik (Instagram),negative
Wow Wow Wow Amazing.. fufufafa fufuf4f4 fufufafa,Publik (Instagram),positive
© 2026 Instagram from Meta,Publik (Instagram),neutral
KLO ga bisa tangani mending mundur aja dah. Memalukan setiap hari rupiah melemah terus,Publik (Instagram),negative
"Rupiah melemah,.. masyarakat jadi lemah lunglai…biasanya beli bahan pokok per kg, sekarang dikurang menjadi 1/2 kg… oh oh oh dimana peranmu penguasa …",Publik (Instagram),negative
Asikk bntr lagi 20 rb 😂,Publik (Instagram),positive
Saya tunggu di 20-25k 😍😍😍😍🔥🔥🔥🔥🔥🥳🥳🥳🥳🥳🥳🥳,Publik (Instagram),neutral
@prabowohiduupp jokoweeeiii 👏👏👏👏😂,Publik (Instagram),positive
"Tukarin Rupiahmu sekarang, mumpung lagi koreksi...",Publik (Instagram),neutral
Purrr gimana ini purrrr😂,Publik (Instagram),negative
Dan.. semakin dalam 😂😂,Publik (Instagram),negative
Baru kali ini Seorang President yg tau Jabatan aja sebagai PRESIDENT tapi tidak tau apa yg mau di kerjakan,Publik (Instagram),negative
Pila kota malang nya kak 😶,Publik (Instagram),neutral
Akan ambles terus kayaknya - selama pemerintah masih egois sama programnya--😢😢,Publik (Instagram),negative
"Ya Allah, knp 2029 terasa lama y Allah 😢😢",Publik (Instagram),negative
gua jadi sangat pesimis ketika pemerintah masi pake mode defensif biar terliat baik baik saja padahal ngaruh ke trust😢,Publik (Instagram),negative
Udah di atas 16.500 belum terlalu dalam? 😂😂😂😂😂@bank_indonesia@ojkindonesia@menkeuri@dpr_ri,Publik (Instagram),neutral
"Yang kaya, saatnya beli kendaraan listrik, sebelum harga nya naik juga 😂😂😂",Publik (Instagram),neutral
"MBG baru cocok d realisasikan klo struktur negaranya d benerin sperti d china negara sdh makmur ,tdk ada korupsi ..klo d mari yg ada jd lahan korupsi  berjamaah",Publik (Instagram),negative
Ini saja uda terlalu dalam bukan?,Publik (Instagram),negative
Jelasin mulu wkkwkwk,Publik (Instagram),negative
See more posts,Publik (Instagram),neutral
GAK NGARUH DI HIDUO GUE... MAU 30RB 40RB 50RB,Publik (Instagram),neutral
Mereka yg punya untung besar saat rupiah melemah sedang menikmati 😂,Publik (Instagram),positive
"Dear Gubernur BI dan Kemenkui RI, Beranikan dirimu untuk bilang ke Presidenmu ""STOP MBG"" jika ingin Rupiah kembali menguat",Publik (Instagram),neutral
Biarkan dollar menari kali aja bisa menghentikan kebebalan Presiden dgn MBGnya.,Publik (Instagram),negative
"Kalian pengelola negara lupa, apapun alasannya tentang saya tahan rupiah thd dollar, itu akan semakin lemah,STOP MBG dan KOPDES, gunakan dananya untuk stabilisasi ,lepas ego politik kalian  unt sementara,nanti kalau sdh normal semua,lanjutkan program ambisius itu,jangan korban kan dunia usaha dengan  pajak2 kalian yang seperti firaun itu",Publik (Instagram),negative
STOP MBG baru benar.... MBG mencerminkan amat buruknya Tata Kelola Negara......,Publik (Instagram),negative
Coba konsul ke bu sri,Publik (Instagram),neutral
"Begini penjelasan, begini penjelasan, tekanan luar geopolitik, di indo masih baik, basi penjelasannya",Publik (Instagram),negative
LAWAN DOLAR. LAWAN JUGA ORANG ORANG PENCEBOK DOLAR,Publik (Instagram),negative
Bener2 bebal sekaliiiiii kleannnnnn ...,Publik (Instagram),negative
anjir kirain bakal kembali 17rb,Publik (Instagram),negative
Salah soros ini 🙃,Publik (Instagram),negative
"Batasi penukaran maksimal 100 dolar sehari, atau tutup aja bank yang selalau jual dollar, masa ka jelata bisa tegas tapi ke pihak berduit tidak tegas ?",Publik (Instagram),negative
"📌 TANDA KEHANCURAN ADALAH KETIKA AMANAH DISERAHKAN KEPADA YANG TIDAK KOMPETEN…. Nabi Shalallaahu Alaihi Wassalaam bersabda: “Apabila amanah disia-siakan, maka tunggulah kiamat.” Ada yang bertanya: “Bagaimana menyia-nyiakan amanah itu, wahai Rasulullah?” Beliau menjawab: “Jika suatu urusan diserahkan kepada yang bukan ahlinya, maka tunggulah kehancurannya.” (HR. Bukhari).",Publik (Instagram),negative
ini tiap hari naik bgt nih? 😭😭,Publik (Instagram),negative
Menjaga apa nya kalau memang sudah bukan dalam lagi tapi terperosok masuk jurang...,Publik (Instagram),negative
NYESEL GAK LO KAUM 58%..??,Publik (Instagram),negative
"Ga butuh penjelasan, kita tuh butuhnya ada tindakan dan informasi kalo rupiah menguat. Tiap hari bikin klarifikasi muak banget 😭",Publik (Instagram),negative
"Hasil joget joget gemoy rupiah Rp.18.000,- perdollar, pelajaran buat Pemilu 2029 Pilih Presiden yang Jujur dan Amanah bisa dipercaya....",Publik (Instagram),neutral
"BI akan menjaga pergerakan rupiah agar tidak terlalu dalam?SUDAH SEDALAM INI DAN MENCETAK SEJARAH TERLEMAH SEPANJANG MASA DAN MASIH AKAN TERUS MELEMAH.pihak pemerintah masih anggap stabil dari pernyataan kemenkeu dan BI masih blg jaga agar tidak terlalu dalam, berarti mereka anggap ini msh belum dalam sedangkan rakyat menengah kebawah menderita dgn harga bahan pokok yg naik!Negara sakit!",Publik (Instagram),negative
Kemarin bilangnya karna musim haji,Publik (Instagram),neutral
Pemerintah sekarang cetak rekor terus,Publik (Instagram),positive
"18,000+ blm trllu dalam katanya",Publik (Instagram),neutral
"Covid aja bisa cukup stabil, lhaa ini😢",Publik (Instagram),negative
"mundur aj, gaji gede ga becus😂",Publik (Instagram),negative
"Klo masih di posisi 16rb an kmren lu bilang gini boleh, ini udh 18rb lebih dn lu msh bilang agar tidak terperosok lebih dalam? Suka2 lu lah😂😂😂",Publik (Instagram),positive
Down chevron icon,Publik (Instagram),negative
PILIH LAGI 02 ENAK KAN?? MAKAN TU..JOGETIN AJA😂,Publik (Instagram),positive
ponakan prabski kemana ya?,Publik (Instagram),negative
Para markibul bersatu menipu rakyat 280juta.👏👏👏👏,Publik (Instagram),negative
"cnbcindonesiaVerified6dNilai tukar rupiah terhadap dolar AS nyaris tembus Rp18.200.Menanggapi pelemahan ini, Bank Indonesia menegaskan pihaknya tetap berada di pasar dan siap melakukan intervensi untuk menjaga stabilitas rupiah.Sebelumnya, pada konferensi pers Sabtu, Gubernur BI Perry Warjiyo juga sudah membeberkan 2 jurusnya untuk stabilisasi nilai tukar rupiah. Sejauh apa dampak intervensi BI dalam hal ini?Baca berita selengkapnya dengan klik link di bio atau melalui cnbcindonesia.comUpdate berita terbaru setiap saat dengan download aplikasi CNBC Indonesia sekarang di App Store atau Google Play📲",Publik (Instagram),neutral
"Joged joget tu nyebelin, apalagi yang joget $ 😂😂",Publik (Instagram),negative
"Jiwandono effect kok ga ada..? Ngapain direkrut para direksi BI kalo outputnya malah nyungsep gini.. tanggung jawab dong manajemen BI, misal pemotongan gaji atau remunerasi sebagai bentuk tanggung jawab..",Publik (Instagram),negative
Nothing they can do…hanya ngeles dan sibuk ksh alasan😂😂,Publik (Instagram),negative
"Nyaris ? Udah sempet tembus keleussss 😂😂dongo sih ni si@prabowoletoy, defensif ngebela MBG mulu",Publik (Instagram),negative
Menjaga menjaga menjaga Mulu dari kmrin² tetap aj lemahh,Publik (Instagram),negative
Yok bisa yok 20k 🔥 makan tu serok bawah,Publik (Instagram),neutral
Sudah kagak perlu penjelasan karena gagal🤟,Publik (Instagram),negative
Log into like or comment.,Publik (Instagram),neutral
Udeh dalem kayaknya mbak..tenggelem kali,Publik (Instagram),negative
"di Jepang sudah mundur pejabatnya, ya gak sih?",Publik (Instagram),negative
"semakin meroket rupiahku😢 gk ada yg demo2 lg,buruh udh disumpel jabatan,mahasiswa sibuk maen game,rakyat jd penonton😢",Publik (Instagram),negative
Ngapain aja sih ini orang2nya?,Publik (Instagram),negative
Sudah sempet ke 18300😢,Publik (Instagram),neutral
"Jangankan Dollar USD, mata uang dong milik Vietnam aja kian menguat terhadap rupiah, dulu 1 Dong = 0,050 rupiah, sekarang malah jadi 0,69 rupiah.. Padahal Indonesia negara kaya akan SDA dibandingkan dengan Vietnam, tpi mata uang Vietnam akan menguat seiring byk investor masuk ke Vietnam ktmbang Indonesia.. 😂😂",Publik (Instagram),negative
ya Allah 😢 sedangkan disisi lain saya guru gaji 600 k per bulan dan keluar 3 bulan sekali.. 😢,Publik (Instagram),negative
